Сайт,Категория 
betar.org.ua,Разное
orangecat.net.ua,Разное
druzhba-lux.com.ua,Разное
lightdesign.od.ua,Разное
odissey.net.ua,Разное
tellall.kiev.ua,Разное
umapalata.zp.ua,Разное
linuxsam.org.ua,Технологии и IT
gyrus.org.ua,Технологии и IT
itci.kiev.ua,Технологии и IT
megafaza.com.ua,Технологии и IT
miranda.org.ua,Технологии и IT
poser.kiev.ua,Технологии и IT
seoma.com.ua,Технологии и IT
smolianoy.com.ua,Технологии и IT
web-city.org.ua,Технологии и IT
yoip.com.ua,Технологии и IT
apples-web.org.ua,Технологии и IT
fastping.com.ua,Технологии и IT
free-review.net.ua,Технологии и IT
linkomania.com.ua,Технологии и IT
mylink.org.ua,Технологии и IT
softkb.com.ua,Технологии и IT
softik.net.ua,Технологии и IT
web-stroy.kharkov.ua,Технологии и IT
3das.com.ua,Технологии и IT
chvv.com.ua,Технологии и IT
estdomain.com.ua,Технологии и IT
ipguard.org.ua,Технологии и IT
e-putivka.com.ua,Путешествия и туризм
wintra.com.ua,Путешествия и туризм
oscar.donetsk.ua,Путешествия и туризм
redcat.net.ua,Путешествия и туризм
valiza-tour.kiev.ua,Путешествия и туризм
wobler.com.ua,Путешествия и туризм
freya.kiev.ua,Женские интересы
say.kyiv.ua,Женские интересы
she.kyiv.ua,Женские интересы
we.kyiv.ua,Женские интересы
flame.com.ua,Женские интересы
glam-novias.com.ua,Женские интересы
try.kyiv.ua,Женские интересы
salfetki.org.ua,Женские интересы
weekend.dn.ua,Женские интересы
alpama.com.ua,Женские интересы
eco-skarb.com.ua,Женские интересы
elitbutik.com.ua,Женские интересы
europarfum.net.ua,Женские интересы
mamedsat.com.ua,Женские интересы
mixo.com.ua,Женские интересы
tovstuha.com.ua,Женские интересы
amidi.com.ua,Женские интересы
vitalira.com.ua,Женские интересы
casualshop.com.ua,Женские интересы
crazytrend.com.ua,Женские интересы
1ca.com.ua,Автомобили
auto-gyro.in.ua,Автомобили
carprice.kharkov.ua,Автомобили
dak.dn.ua,Автомобили
fbk.org.ua,Автомобили
foxtrot-auto.com.ua,Автомобили
nanoprotec.in.ua,Автомобили
pifagor.kiev.ua,Автомобили
autounited.com.ua,Автомобили
avtocentr.sumy.ua,Автомобили
avtomir.dn.ua,Автомобили
biscont.com.ua,Автомобили
e34.od.ua,Автомобили
motorvision.com.ua,Автомобили
nitrobox.com.ua,Автомобили
ukravtomobil.if.ua,Автомобили
telopa.com.ua,Образование
ges.kiev.ua,Образование
gradeup.org.ua,Образование
www.schooler.org.ua,Образование
papaznaet.com.ua,Образование
ieatso.com.ua,Финансы и бизнес
bigmoney.kiev.ua,Финансы и бизнес
browncat.net.ua,Финансы и бизнес
delukr.kiev.ua,Финансы и бизнес
ndua.org.ua,Финансы и бизнес
opal.net.ua,Финансы и бизнес
universalltd.kh.ua,Финансы и бизнес
canis-club.kharkov.ua,Финансы и бизнес
run.kyiv.ua,Финансы и бизнес
nikareklama.com.ua,Финансы и бизнес
do.kyiv.ua,Финансы и бизнес
infoweb.org.ua,Финансы и бизнес
gv.org.ua,Здоровье и спорт
da100let.dn.ua,Здоровье и спорт
farman.kiev.ua,Здоровье и спорт
interline.net.ua,Здоровье и спорт
budjzdorov.org.ua,Здоровье и спорт
anion.kh.ua,Здоровье и спорт
gym.kyiv.ua,Здоровье и спорт
fcchayka.kiev.ua,Здоровье и спорт
sportbox.com.ua,Здоровье и спорт
adrenalin-fitness.com.ua,Здоровье и спорт
4free.in.ua,Дом и строительство
ekobil.com.ua,Дом и строительство
houseofdream.com.ua,Дом и строительство
nanoplast.com.ua,Дом и строительство
cugp.com.ua,Дом и строительство
electrodom-l.com.ua,Дом и строительство
euro-m.kharkov.ua,Дом и строительство
starukraine.com.ua,Дом и строительство
teplolife.com.ua,Дом и строительство
ypag.com.ua,Дом и строительство
art-room.od.ua,Дом и строительство
elites-montage.com.ua,Дом и строительство
zprim.com.ua,Дом и строительство
allua.kiev.ua,Дом и строительство
berloga.zt.ua,Дом и строительство
budreal.kr.ua,Дом и строительство
mebel-project.zt.ua,Дом и строительство
mskaya17.com.ua,Дом и строительство
mebli24.kr.ua,Дом и строительство
yak.kyiv.ua,Дом и строительство
frontier.net.ua,Интерестные новости и факты 
24zp.org.ua,Интерестные новости и факты 
fledur.org.ua,Интерестные новости и факты 
ahumor.org.ua,Интерестные новости и факты 
belosnet.dn.ua,Интерестные новости и факты 
gerold.lviv.ua,Интерестные новости и факты 
ppsls.org.ua,Интерестные новости и факты 
pravdu.com.ua,Интерестные новости и факты 
slonoff.net.ua,Интерестные новости и факты 
sortis.com.ua,Интерестные новости и факты 
thule.kiev.ua,Интерестные новости и факты 
all4you.in.ua,Интерестные новости и факты 
darkbluecat.net.ua,Интерестные новости и факты 
playman.com.ua,Интерестные новости и факты 
zenit2.com.ua,Интерестные новости и факты 
zvonkov.net.ua,Интерестные новости и факты 
animan.kiev.ua,Интерестные новости и факты 
schooler.org.ua,Интерестные новости и факты 